ActorID,ActorName,Gender
e86982be-8b72-4cd7-9d84-002ecb64693c,"Cameron Jones","M"
fdbd8aa5-709c-4028-8479-004439b1e169,"Freida Adams","F"
1f75b80d-755c-42b5-9d87-004a1246f0b6,"Eric Smith","M"
fd7a61f8-4943-4577-8f25-0095a27109f9,"Barb Morris","F"
a385455c-b75a-45ba-8e77-016e587de71a,"Thomas Lemon","M"
e9f9b329-76f6-41df-8f81-01a7508bb19b,"Sally Morris","F"
0515b917-4064-4fa6-ba68-01f537f0ccf6,"Hank Goodman","M"
6ea74b4d-4ab1-4338-92a3-02f5ce8e28bc,"Les Lemon","M"
1d0f6632-fea6-4b25-89f6-03ac459f53cc,"Daniel Pine","M"
ac33774d-d223-4c3a-8d91-03ae05f8c0af,"Peter Morris","M"
81cce897-1225-4901-a8f2-03d537b860e1,"Andy Busey","M"
c9bd8c95-0da9-4f3b-820f-0406a9309d88,"Frank Pine","M"
a6960a17-7de5-4c8a-93dc-04b468395107,"Greg Pine","M"
0025a67d-c762-4673-9f38-04beac8db5ef,"Bill Morris","M"
79cfe7d4-777a-41d3-8870-05feceb5bbf8,"Bill Jones","M"
839751a1-8d4e-4bde-9bcd-069ea8c37880,"Charlie Lemon","M"
1bf03408-5f9a-4a2e-87c6-0855c3908d77,"Eric Vale","M"
473127ff-39c8-4be1-94d8-08e0ab8ad28b,"Danielle Adams","F"
a7f3228e-20f4-441c-a87b-092f1e6d78e8,"Lisa Jones","F"
bf22ba74-af50-4a03-a653-0a5ddb8a546a,"Bill Ray","M"
270d050f-fef8-488b-8e10-0aadf08caca6,"Alice Jones","F"
557891d0-4e46-4474-80d0-0b5a8013d687,"Elise Lemon","F"
98b461f8-dd5e-4ad3-b2f3-0d517f26973d,"Frank Lemon","M"
4a893895-4c83-43b7-981f-0e1e21cedc08,"Jill Jones","F"
8ea7f3b4-fdcf-45c0-90a7-0ebcd92eca05,"Elise Vale","F"
9fa61259-676f-460f-b04e-0fe4114ac1e0,"Priscilla Busey","F"
2be438f2-d694-4a16-890a-101b04f634c1,"Henrietta Smith","F"
d73bd3d7-ec12-43d2-995e-1079f18e040c,"Frank Jones","M"
df91bf95-d557-471d-810c-116b6b38fa75,"Cameron Morris","F"
1761a5cc-b2d8-4b80-bd07-1235c7716429,"Hank Pine","M"
32f2a656-b988-45ad-bd00-12d6f23c6dc2,"Lisa Busey","F"
f919e9f1-ed74-44f8-8513-138d64336b0d,"Eric Carter","M"
f6ae5ef7-c87b-4d19-bc74-14c191ffb431,"Trudy Goodman","F"
5b7a60ff-b859-4f9b-a6d9-15a9830b2925,"Daniel Vale","M"
bde33019-fe91-4c77-bd84-171772e21d02,"Cameron Goodman","F"
d5037615-cf2a-4a01-aa42-17ebe421c047,"Peter Lemon","M"
657a3aa8-3d4d-4fbb-817e-18187660148d,"Trudy Vale","F"
9e31ed4f-bde9-4404-9078-18d49f639cd0,"Peter Davis","M"
d8568348-ec5c-4f02-9562-18e2ec929ae3,"Hank Davis","M"
dd82e30b-bc03-4238-91d6-1abc8e76000f,"Mark Carter","M"
0167ff2d-ea1a-4111-a5de-1b0edafabcdc,"Barb Busey","F"
f44a6969-bc81-43b4-be29-1b6abdf68b51,"Jill Carter","F"
ac0d42a8-3f49-429f-bbfe-1c1404c9a76a,"Daniel Jones","M"
1bc959cd-7908-4524-bb4f-1c47c461639d,"Jack Lemon","M"
59bb3838-6c5b-451b-84b1-1c517cab2806,"Jack Morris","M"
5a4d9c0b-d3fa-42a6-a80c-1c82c3d43ee7,"Danielle Norris","F"
f5c8c2ea-3d4f-4002-bbba-1ca3eda174da,"Les Busey","M"
79a4a6d2-43c6-429a-b215-1cb2c910af60,"Mark Ray","M"
664749aa-4571-43cc-9617-1cc660ae844b,"Danielle Goodman","F"
5f96f11f-75d2-4c40-a162-1d88b4218104,"Cameron Adams","F"
f7471ad2-8768-4dea-8f91-1ddba9e0fe8d,"Barb Pine","F"
403c7ce3-a072-4f27-bda7-1f539798861c,"Lisa Goodman","F"
401d2eb9-c573-4136-ac9a-1fe0ec6c28cf,"Thomas Carter","M"
c6ca7445-487b-498f-b31c-20476d119be3,"Trudy Busey","F"
4273eda5-ad45-4f32-97dc-205f7d6f81c6,"Danielle Jones","F"
fdf204e6-40ae-4d9c-8592-20ac3a07009e,"Henrietta Busey","F"
95eaef48-9c3b-48cf-b344-22a15504a99b,"Eric Pine","M"
43c8f2e8-f559-4b65-a347-22bdc302b272,"Jill Wayne","F"
0dd44cd7-f0c7-4200-8009-22c13b6b382d,"Henrietta Davis","F"
be7a8f81-9375-4a33-884e-2395e776e4aa,"Frank Smith","M"
53a86f0f-b7f5-4c6d-bb75-243794325f7a,"Greg Wayne","M"
e0ee51ff-8d9c-4bdc-89ec-244ed1910420,"Peter Goodman","M"
c988055b-ce6f-4758-9c75-24a343ae0735,"Freida Jones","F"
ae7c2eaa-8c31-4d3d-bb32-256e2c63e9c3,"Gillian Davis","F"
6683d8ff-25a0-4691-8f1f-259ae3a30eb0,"Eric Adams","M"
e19ea9e1-db22-46ce-970f-25cf3771febe,"Eric Morris","M"
47dbbe7a-1825-4f33-811b-25fdd82dca98,"Barb Lemon","F"
55e456eb-32a0-469f-8697-2767465a183b,"Elise Smith","F"
0562d7aa-f690-4b5f-895e-2a8dd1d6af3d,"Charlie Ray","M"
46c05911-320e-4bfa-be16-2ccab16c13de,"Eric Ray","M"
edc9c93b-a838-4c8c-8952-2d24b0fe520c,"Lisa Lemon","F"
da7b5c25-c417-4043-8896-2d319fa63a5a,"Bill Vale","M"
4784b5a3-0c38-47d3-ae56-2dc0f2e4656c,"Barb Vale","F"
7316d48d-bd1a-4ee9-aaf4-2dfd99cf1179,"Thomas Davis","M"
87873df3-a1fc-4ce4-bc5f-2e1f9aaf84d0,"Elise Davis","F"
62c4c69a-6b45-40f2-aa81-2e813991ba80,"Trudy Ray","F"
4658cf40-e549-4558-935b-2fd3568485c7,"Gillian Adams","F"
e8adb722-e9c7-40ad-b149-2ff399cd05f7,"Mark Vale","M"
c3e9fdbb-c4c5-4803-825e-3008e43c839a,"Simon Norris","M"
39c10071-5a0f-4862-b1dc-301f194d4204,"Lisa Morris","F"
51af6a57-1733-4507-83a8-3029f424014c,"Elise Norris","F"
980c30cd-2e0e-485d-89b9-3105dfdfa8cf,"Madeline Norris","F"
b73d64cd-395f-4a2f-a3bf-31ca381acf0a,"Daniel Adams","M"
7a4ab66d-0346-4679-a3e9-32d0f8f69242,"Peter Norris","M"
324912f4-ff30-4680-98d8-3373771078a6,"Danielle Pine","F"
4edda772-0354-452e-9b95-33ca724cb796,"Danielle Vale","F"
021b364d-cd77-4787-a5f2-33e27e44cd16,"Henrietta Wayne","F"
6ad46a5a-cec3-49b2-8353-33ff081c7fb2,"Madeline Carter","F"
47063153-782c-4577-a233-343c21391eb5,"Charlie Pine","F"
e241f86c-fe1e-4418-9af4-36ae06a82e94,"Henrietta Jones","F"
c17f0b29-ebcb-4fef-bc6a-36fd86c788c4,"Frank Wayne","M"
bbf0c5c2-8d76-4264-9d1f-37c12b2335c9,"Alice Smith","F"
8194f155-d1e1-4f87-8c2e-37f8b6390996,"Madeline Vale","F"
1ce248fb-c499-4138-99fd-381db72a51af,"Frank Davis","M"
2cb96cd1-94ce-4e32-a052-382ad84ec4f4,"Jill Morris","F"
4ac7d6d8-f3fe-4658-97c3-38da9d59c175,"Cameron Vale","M"
cec22fdd-eecb-40d9-889f-38f120d23a0e,"Freida Lemon","F"
79f7047b-4c39-41b0-af40-3909a3b3b619,"Priscilla Ray","F"
9bbf54f0-74e4-4b44-b7d0-390dc3de21d6,"Jack Davis","M"
8868d7e9-1ab4-423c-a5fd-3a10c52da104,"Hank Adams","M"
94a458e0-af5e-436d-be70-3c3182157ff2,"Hank Lemon","M"
4f30b97c-4f11-4af9-92ec-3d162a247a55,"Andy Wayne","M"
f007c2fb-7caf-4ae7-8c59-3d1b5150619b,"Trudy Adams","F"
a3bfe3df-fa15-4972-a708-3db4716eaa06,"Barb Smith","F"
0fcb6902-eeda-40de-be1d-3e4a7ed1c4eb,"Henrietta Carter","F"
32f95719-8e0c-4b89-9e9c-3e57bed5d2d2,"Peter Carter","M"
6eacd13c-493f-4116-ba3a-3e814cacbc0f,"Trudy Lemon","F"
0344e383-0a35-4666-9dc4-40438d3cfb0e,"Daniel Smith","M"
6e02879e-4202-419d-8c4b-40bc50afec5f,"Jill Goodman","F"
5713e4b4-e7dd-45d7-8d2a-417bc3900623,"Gillian Pine","F"
dbe41a87-99bf-4a83-8c1b-418801f43103,"Simon Jones","M"
45cea553-49d0-4f59-bd3b-41dc9b78b296,"Elise Adams","F"
8f6636e3-9608-4139-8296-43f2502808ad,"Jill Smith","F"
0f24319d-e038-4a2a-a7cf-44e8e0ed6754,"Andy Carter","M"
9ac06b7f-2114-4b3d-a7ed-45027a56db1a,"Madeline Lemon","F"
a3aafddb-2236-4198-93c6-45929ed835aa,"Eric Jones","M"
26084e88-fce6-4034-9e87-459c0fc9de5d,"Priscilla Morris","F"
428ba02e-aa00-4a57-a25e-45f7997ec9ee,"Thomas Morris","M"
a04797c0-af08-42c1-8a25-4680dfea8aa0,"Lisa Davis","F"
f82c46f4-9b46-4ef7-b0aa-487d137371d8,"Priscilla Goodman","F"
843f1744-77b0-4401-973a-48e70a3b2b88,"Cameron Carter","F"
58102036-937c-48c7-8e01-492bfaa73f91,"Sally Busey","F"
166937b8-49a1-42a1-8019-49a1d1e0ccd4,"Greg Vale","M"
2d8b7296-1839-4465-b68f-49b1c1bdb394,"Peter Pine","M"
343dcc60-1fdf-4825-be18-4b310a089e56,"Barb Davis","F"
8913abec-2b98-4eb9-b0a8-4b942dc2e61e,"Mark Busey","M"
b1bae16d-ba67-4747-9731-4c1d3950365f,"Gillian Ray","F"
5dcfd08d-ec5a-49a5-bfab-4ca788c081ba,"Andy Jones","F"
ce01db00-0a9e-4265-a26f-4e9b0acdc1bc,"Lisa Vale","F"
561d7c8e-7a48-45b7-8a02-4efb7ba57730,"Henrietta Norris","F"
c1da72d6-89e9-44bd-8c28-4f4223aa701c,"Madeline Goodman","F"
437bbe03-e25b-4867-8280-4f7dda0bae2d,"Daniel Ray","M"
ee26636e-9a80-481f-9294-503504849753,"Bill Adams","M"
ddf5801e-1930-4ad0-8c9d-50eab75317df,"Elise Goodman","F"
20723a9b-f596-42b0-a286-52b206fdcd78,"Danielle Morris","F"
53b7aff5-9de0-40e4-8dee-53f2def820bc,"Jack Busey","M"
627b1013-6489-4dac-bd2b-5474193457c7,"Sally Norris","F"
ff7b4618-5be3-4787-8c42-549194270add,"Sally Jones","F"
a8ca978a-9563-4f55-8a63-55288d288913,"Eric Lemon","M"
b888830a-ab7f-4e28-8007-55673b59db16,"Freida Pine","F"
8121aeee-d22e-4be4-b43e-55843310b424,"Les Norris","M"
5958d6f0-6b71-419f-9793-558feaa0df0f,"Thomas Jones","M"
4ff8cfaa-3477-4e8c-bd66-55d500b5789b,"Freida Norris","F"
0139bb86-dcde-44cb-bf37-56eb60cc1f66,"Bill Norris","M"
f9820a63-f2c2-4076-be84-57d595a8f0d4,"Trudy Wayne","F"
6988c00b-e1d2-4390-8c4f-58744af20362,"Hank Busey","M"
52eac9ce-4432-43c0-ae6d-58ae3417be7f,"Daniel Davis","M"
de5aaa53-6436-4574-bb15-59e51e78acda,"Eric Busey","M"
7edaa117-1bb6-4867-a8f0-5a991aacac60,"Alice Adams","F"
cd2b108d-3c08-4141-a3f3-5aef0dd06ff1,"Daniel Carter","M"
cfe88ae5-14c7-4276-9f23-5c0fb1c7031b,"Trudy Jones","F"
1f2e4015-dcac-4a67-82ba-5c4ea11eec27,"Simon Carter","M"
34352ce9-3347-4174-8d37-5c7590ddc5f2,"Elise Busey","F"
ff784d5b-4d32-462b-bdf7-5d0af23196ef,"Daniel Lemon","M"
5eb2c9be-17c0-410e-a15d-5d6b74a07777,"Alice Goodman","F"
28a73a1c-40ff-43a0-bac7-6151ca3e05b4,"Frank Ray","M"
1235c942-82d9-47da-97dc-61c09c97f3ff,"Gillian Goodman","F"
4740e221-787d-4d48-aeb0-61ea22695867,"Hank Smith","M"
b5343b35-fdb0-473c-a53b-624ec825ff63,"Alice Pine","F"
dfa6968b-5e30-45e5-9933-6257533e1adf,"Les Morris","M"
49b7e32f-0b8d-42b2-b50a-62a811bea383,"Charlie Norris","F"
823dbafa-5df1-4a5a-9c4f-63c24502ee1f,"Barb Ray","F"
dc474d72-fdf6-4c6c-9f22-63cb74b56468,"Gillian Vale","F"
672832df-8a92-4e17-a62d-65ebfd0b7913,"Frank Carter","M"
4e5cdf8f-ae7b-447e-acba-65fef69f32d9,"Peter Jones","M"
b51054d3-5637-447a-96cc-6610270348ba,"Hank Norris","M"
ff432261-f365-41f7-99e0-66836d870550,"Greg Davis","M"
64a89b5e-7796-4c25-96a0-66aa91aea8da,"Jill Pine","F"
2a381bb6-2e12-4e27-8ede-67f4f06c58c8,"Charlie Goodman","F"
74f1d84b-39e5-4d69-8c5e-68da063346f6,"Trudy Smith","F"
cb20580b-3d61-47ce-9cc2-69962916462a,"Greg Adams","M"
3ec7c0af-24df-4342-8a82-6a38cf18424a,"Henrietta Goodman","F"
2e6e1048-80e6-4c4d-8471-6b4989bcce91,"Greg Goodman","M"
bb30a7c7-db7e-4432-a43e-6b77e7d03778,"Freida Carter","F"
3b416bca-ba91-4921-8855-6b85512db32f,"Hank Ray","M"
d2bd2048-e0f6-4c58-ac5c-6cf49023b6c8,"Gillian Norris","F"
4c24812c-5ddd-4d68-b53a-6d2b08d38e30,"Peter Adams","M"
d97a6ce8-ac60-43bd-a24c-6dd1d5324626,"Alice Davis","F"
dad2103d-e308-457a-a2fd-6e702161c122,"Henrietta Morris","F"
9a631644-ad21-4fd0-b76a-6fe176dd6e15,"Andy Vale","F"
e16b6992-5ac5-4f33-b9ea-70160a0b2f88,"Hank Carter","M"
fd1610a7-a1f8-440e-bc4b-70b2d3fd8a86,"Daniel Goodman","M"
472ae4ad-ef12-4bfa-8e24-70d5fc6fc2b1,"Hank Morris","M"
b26d097e-76de-4ec9-bdb0-71472be471fe,"Bill Lemon","M"
d1735a58-72ba-4699-a34c-7151c11be1bf,"Gillian Carter","F"
bed033c1-0243-423a-9d71-71aab0179538,"Thomas Smith","M"
4338de24-6c35-4927-a09b-72424df02423,"Jill Lemon","F"
4ccdfe76-ffba-47a4-958f-72a576e0be9c,"Gillian Smith","F"
b9ac535a-a238-46d7-bdb7-72e6d7738788,"Andy Norris","M"
008beaba-b502-49a3-a6b9-74431536b3d9,"Andy Pine","F"
2e29e95f-c10e-454e-942a-7470d8d876f2,"Sally Lemon","F"
2cf28531-9bb3-4da3-8652-75b78ed100fd,"Jill Vale","F"
a3539428-f74f-4595-aa02-766dfabbf6dc,"Thomas Goodman","M"
efc78903-fad5-40b7-986a-7896cf4e07d1,"Les Smith","M"
d4c736ce-c4a0-443f-bab5-7baea67403b9,"Mark Wayne","M"
9c7cefff-4f87-4d6e-a14e-7cc0babfa3ff,"Danielle Ray","F"
4f5d66db-6c9d-45f4-9993-7cf967723cc5,"Elise Morris","F"
aa1bdc00-fbce-40c9-8ce7-7d14788896ad,"Hank Vale","M"
98f5cd83-cad2-4dbf-b62a-7d3805fdc8bd,"Charlie Morris","F"
ccdff31a-55e9-4bda-b8a1-7fa337a2e17c,"Mark Norris","M"
df1d895c-c50f-49e1-ad0a-80b606e0c248,"Andy Adams","M"
30ef5f4d-1077-44f1-96fd-80ec7c631012,"Gillian Lemon","F"
2ef3c457-a061-4c8c-9da7-8218b8843562,"Henrietta Ray","F"
dc488dd7-3726-45bb-a594-829bf6ff5f76,"Lisa Norris","F"
7df40a1a-5d00-4595-899b-82ef2462391f,"Trudy Norris","F"
9cb97594-51e6-4895-8d77-8512bed329b3,"Bill Carter","M"
cbcf9390-5e46-4ecc-833b-853742a549eb,"Freida Morris","F"
72b84edb-658f-4d83-a7da-855675f2a8c4,"Madeline Morris","F"
6ac35685-dcf0-412d-b1aa-85aec018cc62,"Priscilla Norris","F"
58c3f1b2-c05e-4f57-93a3-85cf8c515838,"Barb Adams","F"
c6be59f1-7dda-477c-b626-85e3f2855af1,"Jack Smith","M"
4e26733e-4e87-417a-93e5-8636ce8da56a,"Barb Norris","F"
dc1f7477-a33e-4ff0-adf7-864a0da67b5c,"Alice Morris","F"
735303a4-6bf7-4c50-a1b8-87c9fd58c3f1,"Mark Adams","M"
5bc38a8d-5a8d-48a3-9882-884ce61c3c0c,"Henrietta Pine","F"
406cdfb1-9c72-435e-b4a6-88eb0d0640ad,"Thomas Busey","M"
6c033e1d-2858-4de0-9415-8905ea28f1ae,"Greg Jones","M"
44ba6c72-26e8-45bc-bceb-89b108543c43,"Daniel Wayne","M"
4ec99a41-dca1-4880-9ba6-8a72a6db9e25,"Andy Goodman","F"
2bffc37c-d6c8-4c5d-b8e5-8a9cf94a3c43,"Thomas Norris","M"
1308d037-a787-4250-b81b-8aedc319a6fe,"Alice Vale","F"
0a7dac91-da6c-477c-bade-8babf41bafa9,"Bill Goodman","M"
c7dbebac-e4a9-4a1f-8961-8bc41c5d577f,"Priscilla Pine","F"
311010ba-ac51-46f7-bfc6-8d2efd040567,"Barb Jones","F"
7a03d386-4b72-4f0f-8e51-8ee998662c9c,"Simon Lemon","M"
ef3c1168-89db-4673-8153-8efc87743256,"Sally Davis","F"
a41fa716-b6b4-408a-a96e-8f62c6a82d17,"Madeline Ray","F"
d70e048e-f2bd-4e03-a6e7-9000cab54862,"Simon Pine","M"
22177451-2dc0-4d14-82c5-93dd3bb8a5fe,"Barb Carter","F"
9ffa45eb-c158-48ac-a8f0-949b858e4923,"Sally Pine","F"
bebd59cb-701d-43a2-a8f9-94bb633e04f5,"Gillian Morris","F"
59a90ee0-12e5-41ec-adaa-94dd8e7109cc,"Charlie Adams","F"
2034578a-a02d-45ff-8a7e-9543af31ee43,"Frank Adams","M"
675c55ed-4c0d-4414-bf52-95bba7650224,"Les Jones","M"
804eab88-993f-4cff-80c4-95dcf8c9e842,"Danielle Lemon","F"
2314076a-6f8a-46d3-a67a-96c205291848,"Les Adams","M"
55f65ab8-bbd0-4be0-b7b5-97e1807c6b44,"Priscilla Lemon","F"
46d9dda6-d03c-48e2-9845-97e5b4de4281,"Greg Ray","M"
f912357f-a06a-4d5f-ad7d-984328ead1d3,"Freida Vale","F"
7fc5e287-cefe-4a44-9392-991fbeb1acf5,"Sally Wayne","F"
4147c9fd-0198-47fc-a41a-9a9da89c849f,"Charlie Jones","F"
dd8909e3-5935-4e5e-b2bb-9ab7a1bd80f5,"Charlie Wayne","F"
4d147434-7215-4f9b-9fab-9ac5fb0339a1,"Danielle Davis","F"
78c77986-1c70-4215-975e-9add44597c08,"Alice Wayne","F"
9016b147-b25d-4468-b9ae-9b51711e7004,"Cameron Ray","F"
4b4fe4fa-378c-423e-843c-9b694566af1f,"Mark Pine","M"
404cd3b7-f116-43ed-9f76-9bf482ac11f6,"Jack Carter","M"
e5d2e1b2-0196-4c94-bfad-9c04ccf45ffd,"Frank Vale","M"
c24bf554-2f1d-4c2f-a543-9d144f6717c3,"Jack Norris","M"
d6313c21-eb94-43b3-be10-9dafe21bd5f7,"Greg Norris","M"
62d6236a-3889-4a55-b2a7-9eb3eb91fbe3,"Les Pine","M"
a723c551-fd86-4c3f-a8b1-9f18841896e5,"Sally Goodman","F"
5efa2d42-6a60-4b5b-812f-a0dcbb1c457d,"Mark Smith","M"
40da9b90-d00c-477d-834a-a1130b502f92,"Lisa Ray","F"
8cf87aa2-e096-4a83-ace0-a1a14b2ddc16,"Lisa Smith","F"
08b7f6cb-20be-4ddc-a177-a1c904064f9c,"Frank Busey","M"
2e04bfd9-f390-450e-a181-a2d470b063a0,"Andy Morris","M"
e2c42130-c557-49ce-b6f2-a34ebbc60ec1,"Alice Ray","F"
46c82844-9c53-4a6e-8c5a-a56ec52d8885,"Jack Ray","M"
620e0a7c-44bc-49a5-8c0e-a634699323fa,"Simon Vale","M"
ed162736-c49f-4854-a458-a669e0e13120,"Jack Jones","M"
b629c7b7-3953-4cde-9b57-a76406923162,"Cameron Norris","F"
89023499-c8e8-4ee3-a5d5-a8f45413e091,"Cameron Busey","M"
0b8df948-77cf-4ce1-9ffd-a99a3c6a4240,"Jill Adams","F"
52f96b75-0383-4bee-a4c4-a9b670e5a687,"Gillian Jones","F"
2e87789c-f8bb-4502-b0d0-aa631d7a994e,"Alice Carter","F"
8864657c-e528-43fc-b1f4-ab304fe4bc04,"Danielle Wayne","F"
ef22a328-02fa-4d71-a1bb-ab39ae57bc6c,"Lisa Pine","F"
810bb144-aade-4197-b9e4-ab5175f3ca41,"Priscilla Smith","F"
c60016a1-6362-4476-b083-aba90a809efe,"Priscilla Davis","F"
5e7faba8-8992-4423-97ff-acb44cef5e5e,"Mark Jones","M"
765fbc8a-5c99-44be-b2ed-ad34a03eb7d3,"Sally Ray","F"
a62afcd2-b4c3-4bb5-baee-ae1493daac66,"Simon Smith","M"
a0ab62c3-af0f-4bb1-aa2d-ae262c72f6dd,"Jill Norris","F"
1f748602-80d5-4bff-9455-aea0083d610b,"Cameron Davis","M"
7be99339-5026-4fa5-8070-b0a577488a79,"Barb Goodman","F"
f7f83c13-c03a-4132-996a-b16726bfe00d,"Freida Busey","F"
5bff5c5f-fb96-46f8-82b8-b17554a4ed0f,"Simon Morris","M"
338df8e3-81bf-4345-aed0-b432a005e803,"Charlie Davis","F"
d96cc954-de80-416a-af8a-b4733f2b88cc,"Simon Davis","M"
1b31007a-813e-46ec-ac03-b591e44fbdc0,"Jack Vale","M"
748b754c-b48e-4dfa-9297-b6066ae00d9c,"Alice Lemon","F"
45f91cde-7cfb-44d7-be6e-b6436e7e4687,"Andy Smith","M"
2041b845-c7a3-4c44-a059-b6753d785730,"Elise Wayne","F"
87e242ff-0322-48dd-81ee-b72b07e43aa6,"Mark Goodman","M"
6bbf6147-efdd-4070-9cdc-b7bb2cd4f451,"Bill Pine","M"
83a0c7eb-0f2f-44b3-819c-b7d0523be3b4,"Trudy Davis","F"
d9d08c5d-23ca-4385-9e0a-b8376cdcbe0e,"Greg Smith","M"
b383983d-0c8c-47a6-9963-b94061d8824b,"Greg Busey","M"
0095422c-c555-413b-ba5e-bae9e4a62f4b,"Andy Lemon","F"
5aeb22f1-3170-4658-a24c-bb878c24ace6,"Henrietta Lemon","F"
4915778c-68b0-477e-b875-bbb8ff1cd1f1,"Peter Wayne","M"
561b016d-1a06-4490-9ef8-bbdce5bbb0a2,"Thomas Pine","M"
eb75424b-e6d6-4973-a647-bcd66f3ad3df,"Madeline Smith","F"
ca2b694a-748c-4bb1-928f-be644f82a3d7,"Madeline Busey","F"
2947d5ea-92b6-4a56-8eb4-bea035b4e191,"Les Vale","M"
8254f0e9-54b1-4831-8752-beb043f74bc9,"Gillian Busey","F"
728a6be2-1815-4c27-9c28-bf37487e7ed6,"Elise Jones","F"
ca97586c-8ef7-4187-ad2b-bf4e2d6bd620,"Barb Wayne","F"
45858e2d-3cf3-49db-afda-bf54449ddcda,"Les Ray","M"
a65669c4-2d74-4d70-b593-c0223996b1cb,"Jack Adams","M"
5e5196dc-58aa-4c04-8c4c-c0c43bd27ca2,"Greg Carter","M"
31445f40-c798-4db1-85ee-c0e711736cc7,"Trudy Carter","F"
621ecb22-1d2c-4a5e-9a5c-c10c62d2cbb7,"Greg Lemon","M"
998b6ed0-262d-4bfd-8efa-c1218fa78d43,"Bill Wayne","M"
9faffdd1-1d8b-4775-9b01-c14d5cbf994a,"Freida Goodman","F"
d345e94a-5759-459e-8059-c1ffbe806659,"Lisa Carter","F"
a8d6567b-fc49-4e80-892e-c21af02bd9e4,"Simon Ray","M"
8c1ea798-c2d4-4eda-acaf-c2e3bc589986,"Cameron Smith","F"
e8f01412-716e-47c8-9f16-c32df1ef2d1a,"Danielle Carter","F"
072cfe2b-170c-4a41-a869-c48499727473,"Jack Goodman","M"
2aed6446-b91e-4efa-ac29-c4bfc75d2821,"Elise Pine","F"
521a68ab-d713-41d1-b844-c53dd5144485,"Freida Smith","F"
9639b154-caf0-47b9-bd75-c5778b58d0af,"Jack Pine","M"
4d33c448-7e99-4874-95a6-c62a9dcf3a51,"Greg Morris","M"
1841173c-b31f-4f41-8aba-c71584bdfb9b,"Sally Vale","F"
35620817-c006-407c-80a3-ce29ab7029e3,"Sally Smith","F"
2e35461f-b0aa-4871-ba19-ce55eb244f58,"Jack Wayne","M"
2a3d66e2-377f-403b-beea-ce8065a1be2f,"Eric Goodman","M"
928bdf60-8a4e-462e-8599-cfdb20a85b93,"Priscilla Adams","F"
022f7495-ca8f-4d95-84b2-d12ef8e1e570,"Eric Wayne","M"
c494055e-ce48-49d7-a9e9-d3727f359dab,"Peter Busey","M"
1b63de0e-d56a-4bdd-b84a-d38f71250464,"Eric Davis","M"
6b297cbb-62b4-4d3b-b4a3-d44e4ab0cca8,"Daniel Morris","M"
e90f471f-a02a-4da8-b841-d4d2d6dcee0d,"Sally Adams","F"
654bf6ef-a8a7-4bd4-aa94-d51ae46c29f7,"Elise Ray","F"
3ba31915-62a1-4695-92b2-d51ec90ff00a,"Andy Davis","M"
5f750570-caef-4612-918a-d57975f594bd,"Priscilla Jones","F"
ac245ff1-3565-4139-8394-d5e1887f153a,"Charlie Busey","M"
caf79bd9-06a5-4d60-9891-d698d582529a,"Trudy Pine","F"
c872e50a-5693-41e9-8bf0-d6ead52aed92,"Danielle Busey","F"
98809957-fee0-4c3c-afaf-d82750ed3a1d,"Madeline Wayne","F"
ed6e8ecd-6141-419b-b10d-da4f10c31ad0,"Frank Norris","M"
03461a7c-615f-47be-bb1c-da60b3d93665,"Thomas Wayne","M"
1437cc67-bf8b-42b4-8199-dcb7656508fd,"Madeline Adams","F"
5b98280f-1fc5-411b-bccf-dcda63e47546,"Cameron Lemon","M"
8dcb176e-a1c1-4161-84c9-dd2419aa91eb,"Alice Norris","F"
8eae05e9-b8e1-410e-9005-de10edede4e4,"Simon Adams","M"
55363773-fffe-4efb-a922-de75791a2c25,"Les Davis","M"
a4530727-8a53-4e45-9b65-dead774405a5,"Elise Carter","F"
9bba2aee-e7d3-4b7d-a1d4-deaeec7ae7a0,"Les Wayne","M"
fdc0aa5a-a301-43f6-93f9-df19db28b627,"Lisa Adams","F"
950bd7b2-b9b5-4dee-9844-df9e98d0b8ae,"Bill Busey","M"
be5fe079-19bf-4d41-a003-e177bebddb26,"Jill Ray","F"
5c3acd47-e825-4f4a-bf1d-e2859e161e0b,"Alice Busey","F"
3e8d1711-cb2b-4ed5-8a6f-e2914f45a4cb,"Gillian Wayne","F"
184798c2-a25c-4b54-9670-e291f6932f73,"Bill Davis","M"
3346a217-27d2-49b8-9877-e2c2ed3ac4f7,"Mark Lemon","M"
71c35954-9342-4407-a04b-e325f49c30ec,"Charlie Carter","M"
c861ef38-9503-49dd-8ad6-e422f9ed357d,"Bill Smith","M"
5c8eecb2-6b25-4794-81f2-e428e519f068,"Frank Goodman","M"
f7335baf-c17a-4081-ad8a-e627e9bad0f6,"Thomas Ray","M"
b3cb20a8-1a79-46af-8a2f-e6731fde6720,"Thomas Adams","M"
03e5ba85-71e2-49d1-919b-e6ae03b8e45e,"Madeline Davis","F"
ebf16d68-5842-4d3a-9a40-e6e2de280f4c,"Daniel Norris","M"
1f10244c-5ebd-4c1b-b6ba-e705f6b69387,"Simon Busey","M"
1ae04d64-817b-43d0-b3a0-e882ef830777,"Lisa Wayne","F"
7dd90444-8acd-4ed1-a53f-e9a8ed7f5a06,"Jill Busey","F"
59eb752a-636c-4e53-90a0-e9f858dea0e2,"Thomas Vale","M"
d92ba577-a8ea-4e07-9fb4-ea3931376d96,"Hank Wayne","M"
6bcd4743-d60e-4809-815a-ebadcdd16cc9,"Danielle Smith","F"
07bdfccf-420f-474b-848d-ec3585fdad52,"Mark Morris","M"
471b5c66-9672-4e39-9b61-ec81b7633e24,"Simon Wayne","M"
ea1cd293-1b73-4e1c-808b-ed14219786a4,"Henrietta Vale","F"
c630db22-f10b-4072-b341-ed62100fbd7e,"Peter Smith","M"
76efef72-49b1-48db-989b-ed662b5b778a,"Freida Ray","F"
55ec3c81-6bbf-4275-a324-edeccf9671ff,"Cameron Wayne","F"
7b138b69-8e7e-4d40-a47f-eeae6ba52f5a,"Sally Carter","F"
005855e9-0080-44ca-9cfb-ef80bf70ae22,"Trudy Morris","F"
e94e6444-6f80-4c34-a786-f008409e4957,"Charlie Vale","F"
2daf0275-073e-4353-a64d-f05c1d6a0ca4,"Henrietta Adams","F"
e1287ab8-a8ec-4471-bc12-f0a5c9b5d28b,"Priscilla Carter","F"
097894a5-6c5b-429a-9c92-f12f5a08a13d,"Madeline Pine","F"
25485765-7ec6-4ac2-9e61-f15a6c23ade5,"Les Carter","M"
8ade10d7-b156-4505-a799-f21fa662f812,"Priscilla Vale","F"
551d7872-5c41-42ea-94e0-f22423bffe4b,"Charlie Smith","F"
13948c84-ab69-4f47-ace2-f2cb9cb7b6af,"Freida Davis","F"
c1fa5f50-b5da-4fc7-a2bc-f2e450472f39,"Eric Norris","M"
ca4c29b3-deb9-4fce-8445-f5cfb6de323e,"Les Goodman","M"
154d1d26-76c5-422c-aa12-f674a4caa3be,"Madeline Jones","F"
916b88b2-8fce-4cda-b4d6-f70028dfb5ad,"Peter Ray","M"
1a9f9031-882e-478c-b42d-f704bf79960a,"Andy Ray","M"
af3d27ba-305d-4d1d-9c86-f81234154172,"Jill Davis","F"
58db1693-0796-4836-8529-f8d3e660e1d2,"Hank Jones","M"
29c3a914-bb6b-470c-ae59-f99737a61ad8,"Frank Morris","M"
220f2374-5260-4b8a-b9fc-f9eb03664cb9,"Daniel Busey","M"
f4c26f39-811c-4d5b-a5a4-fa08b5534cdd,"Freida Wayne","F"
2c715eaa-af96-4527-bbd6-faefdd5d400d,"Mark Davis","M"
90d636f3-116c-4178-89a2-fc48eb5e63e0,"Peter Vale","M"
e56dd62b-1c18-456e-8d99-fde1b4e2cbde,"Simon Goodman","M"
2127518a-f909-4369-aec8-fe06b05f9f68,"Priscilla Wayne","F"
ca6bf260-d613-4f77-b3c1-ff06269484d2,"Cameron Pine","M"
